Gene_set,Term,Overlap,P-value,Adjusted P-value,Old P-value,Old Adjusted P-value,Odds Ratio,Combined Score,Genes
KEGG_2021_Human,Neuroactive ligand-receptor interaction,47/341,1.4314825495967695e-31,3.822058407423375e-29,0,0,12.311426951733074,874.375113320742,GLP1R;UCN;CALCA;PTH;LHB;HTR2B;ADRB1;OXT;PLG;ADRB2;TRH;HTR2A;NR3C1;ADRA1A;KNG1;CRHR2;MC2R;EDNRA;HRH3;UCN2;HRH2;NPY;LEPR;BDKRB2;BDKRB1;PRLHR;DRD1;DRD2;EDN1;EDN2;EDN3;GCG;AVPR1A;TACR1;ADRA2B;AGT;ADRA2A;TRHR;POMC;GAL;ADRB3;LEP;AGTR1;GNRH1;UTS2;AGTR2;AVP
KEGG_2021_Human,Lipid and atherosclerosis,35/215,3.625432177407307e-26,4.8399519568387554e-24,0,0,14.377840909090908,842.2429776996827,GSK3B;NCF1;TNF;AGER;CXCL2;RELA;ICAM1;IKBKB;OLR1;CCL2;CD14;CD36;VAV3;CYP2J2;JUN;VCAM1;MMP1;NOS3;CYBB;APOA1;CYBA;FOS;SOD2;MMP9;SELP;CYP2C9;IL6;IL1B;CYP1A1;BCL2;PPARG;TP53;TLR4;MYD88;NFE2L2
KEGG_2021_Human,AGE-RAGE signaling pathway in diabetic complications,26/100,3.0169347438729995e-25,2.6850719220469696e-23,0,0,25.25997425997426,1426.187896926337,SERPINE1;TNF;AGER;RELA;ICAM1;CCL2;JUN;EDN1;TGFB1;VCAM1;NOS3;MMP2;PRKCD;FN1;CYBB;AGT;VEGFA;COL1A1;IL6;COL3A1;COL4A4;IL1B;AGTR1;BCL2;COL4A5;NOX4
KEGG_2021_Human,Fluid shear stress and atherosclerosis,29/139,4.669739414309003e-25,3.117051059051259e-23,0,0,19.12925925925926,1071.6885162589588,NCF1;GSTP1;GSTT2;PLAT;GSTT1;TNF;RELA;ICAM1;IKBKB;NPPC;KDR;HMOX1;CCL2;NQO1;JUN;EDN1;VCAM1;NOS3;CAV1;MMP2;CYBA;FOS;MMP9;VEGFA;GSTA5;IL1B;BCL2;TP53;NFE2L2
KEGG_2021_Human,Pathways in cancer,49/531,8.171916060307763e-25,4.363803176204346e-23,0,0,7.815195020746888,433.46138204730914,GSK3B;EPO;PTEN;IKBKB;EDNRA;BDKRB2;BDKRB1;EDN1;RALBP1;MMP1;HGF;MMP2;FOS;MMP9;AR;COL4A4;AGTR1;COL4A5;PPARG;TP53;GSTP1;GSTT2;GSTT1;PTGS2;HIF1A;RELA;KNG1;ADCY5;RASGRP3;HMOX1;VHL;FGF21;NQO1;JUN;TGFB1;NOS2;FN1;IGF1;AGT;ESR2;MTOR;VEGFA;IL6;GSTA5;RPS6KB1;GNAS;BCL2;GNB3;NFE2L2
KEGG_2021_Human,cAMP signaling pathway,32/216,1.0913354841155265e-22,4.856442904314092e-21,0,0,12.712587526461489,642.868812077357,GLP1R;NPR1;LHB;ADRB1;OXT;ATP1A2;ADRB2;CACNA1C;ATP1A1;RELA;ADCY5;LIPE;EDNRA;MC2R;NPY;NPPA;DRD1;DRD2;VAV3;JUN;EDN1;EDN2;EDN3;ATP2B3;GCG;FOS;ATP2B1;POMC;FXYD2;GNAS;ORAI1;PPARA
KEGG_2021_Human,cGMP-PKG signaling pathway,28/167,1.7504188613671723e-21,6.676597656929072e-20,0,0,14.54076296158645,694.9675043305946,NPR1;ADRB1;ATP1A2;ADRB2;CACNA1C;ATP1A1;ADRA1A;SLC8A1;KNG1;ADCY5;INS;NPPB;NPPC;EDNRA;RGS2;KCNMB1;NPPA;BDKRB2;GUCY1A1;NOS3;ATP2B3;ATP2B1;ADRA2B;ADRA2A;ADRB3;FXYD2;AGTR1;MYH7
KEGG_2021_Human,Renin secretion,19/69,2.7661435819747264e-19,9.23200420484065e-18,0,0,26.66921428571429,1139.619867341212,EDN1;GUCY1A1;EDN2;ACE;EDN3;NPR1;ADRB1;ADRB2;CACNA1C;AGT;AQP1;ADCY5;EDNRA;ADRB3;NPPA;AGTR1;GNAS;ORAI1;REN
KEGG_2021_Human,Calcium signaling pathway,29/240,3.6980926784102724e-18,1.0971008279283807e-16,0,0,9.921186589433034,398.2236758108592,HTR2B;ADRB1;ADRB2;CACNA1C;HTR2A;ADRA1A;SLC8A1;EDNRA;HRH2;KDR;BDKRB2;BDKRB1;PTK2B;DRD1;FGF21;NOS2;NOS3;HGF;ATP2B3;AVPR1A;TACR1;ATP2B1;TRHR;VEGFA;ADRB3;STIM1;AGTR1;GNAS;ORAI1
KEGG_2021_Human,HIF-1 signaling pathway,21/109,1.0737418594922724e-17,2.866890764844367e-16,0,0,16.83588129496403,657.824971615345,EDN1;ANGPT1;NOS2;EPO;NOS3;SERPINE1;CYBB;IGF1;HIF1A;RELA;MTOR;INS;VEGFA;IL6;RPS6KB1;NPPA;BCL2;HMOX1;TIMP1;VHL;TLR4
KEGG_2021_Human,Vascular smooth muscle contraction,22/133,5.4195831256594905e-17,1.3154806314100764e-15,0,0,14.01697726607474,524.9908528506728,GUCY1A1;CALCA;EDN1;RAMP2;EDN2;EDN3;NPR1;PRKCD;CACNA1C;AVPR1A;ADRA1A;AGT;ADCY5;NPPB;NPPC;EDNRA;KCNMB1;NPPA;AGTR1;GNAS;MYH9;AVP
KEGG_2021_Human,Chemical carcinogenesis,27/239,3.112206496234434e-16,6.9246594541216145e-15,0,0,9.12532949500555,325.8292844101473,GSTP1;GSTT2;ADRB1;GSTT1;AHR;ADRB2;CACNA1C;PTGS2;RELA;ADCY5;HSD11B1;JUN;VDR;EPHX2;FOS;ESR2;MTOR;VEGFA;AR;CYP2C9;GSTA5;ADRB3;RPS6KB1;CYP1A1;BCL2;GNAS;PPARA
KEGG_2021_Human,PI3K-Akt signaling pathway,30/354,1.720599519164005e-14,3.533846704744534e-13,0,0,6.669764560099132,211.38830657065608,GSK3B;EPO;PTEN;BRCA1;RELA;INS;IKBKB;STK11;KDR;FGF21;ANGPT1;VWF;NOS3;HGF;FN1;IGF1;MTOR;VEGFA;COL1A1;IL6;RPS6KB1;COL4A4;BCL2;COL4A5;GNB3;COL6A3;SGK1;TP53;TLR4;ITGA9
KEGG_2021_Human,Diabetic cardiomyopathy,23/203,4.992758841338159e-14,9.52190436169492e-13,0,0,9.0375,276.80238163840403,GSK3B;ACE;TGFB1;NCF1;CMA1;NOS3;MMP2;PRKCD;PTEN;CYBB;CYBA;AGER;MMP9;RELA;AGT;MTOR;INS;COL1A1;COL3A1;AGTR1;REN;CD36;PPARA
KEGG_2021_Human,Aldosterone synthesis and secretion,17/98,9.086540214071273e-14,1.6174041581046865e-12,0,0,14.602048857368006,438.4907233295826,NPR1;HSD3B1;ATP2B3;ATP1A2;CACNA1C;ATP1A1;ATP2B1;AGT;ADCY5;POMC;LIPE;MC2R;CYP11B2;NPPA;AGTR1;GNAS;ORAI1
KEGG_2021_Human,Adrenergic signaling in cardiomyocytes,20/150,1.0423873833901937e-13,1.7394839460323856e-12,0,0,10.791838985387372,322.5906499041632,CACNA2D1;TPM1;ATP2B3;ADRB1;ATP1A2;ADRB2;CACNA1C;ATP1A1;ATP2B1;ADRA1A;SLC8A1;AGT;ADCY5;CACNB2;FXYD2;AGTR1;BCL2;GNAS;AGTR2;MYH7
KEGG_2021_Human,Aldosterone-regulated sodium reabsorption,12/37,1.3267058158844494e-13,2.0837085461243997e-12,0,0,32.90759581881533,975.740068787522,HSD11B2;SCNN1G;FXYD2;SCNN1B;SCNN1A;NEDD4L;ATP1A2;ATP1A1;IGF1;SGK1;KCNJ1;INS
KEGG_2021_Human,Chagas disease,17/102,1.8074197160135225e-13,2.6810059120867253e-12,0,0,13.912056737588651,408.2034779818884,JUN;ACE;TGFB1;NOS2;SERPINE1;FOS;TNF;KNG1;RELA;IKBKB;IL6;IL1B;GNAS;BDKRB2;CCL2;TLR4;MYD88
KEGG_2021_Human,Relaxin signaling pathway,18/129,8.266703305565162e-13,1.161689359255736e-11,0,0,11.305184187746466,314.52571686662526,JUN;EDN1;TGFB1;NOS2;MMP1;NOS3;MMP2;FOS;MMP9;RELA;ADCY5;VEGFA;COL1A1;COL3A1;COL4A4;GNAS;COL4A5;GNB3
KEGG_2021_Human,Hypertrophic cardiomyopathy,15/90,4.906974936718407e-12,6.550811540519073e-11,0,0,13.82112676056338,359.9071643615378,EDN1;ACE;TGFB1;CACNA2D1;TPM1;PRKAG2;CACNA1C;IGF1;TNF;SLC8A1;AGT;CACNB2;IL6;ITGA9;MYH7
KEGG_2021_Human,Insulin resistance,16/108,6.165653728546742e-12,7.839188312009429e-11,0,0,12.05039176524812,311.0450369573358,GSK3B;PTPN1;NOS3;PRKCD;PTEN;PRKAG2;TNF;RELA;AGT;MTOR;INS;IKBKB;IL6;RPS6KB1;CD36;PPARA
KEGG_2021_Human,Malaria,12/50,7.312012595045087e-12,8.614663919646412e-11,0,0,21.63543003851091,554.7649347031916,SELP;IL6;TGFB1;VCAM1;HGF;IL1B;CCL2;CD36;TNF;TLR4;MYD88;ICAM1
KEGG_2021_Human,Leishmaniasis,14/77,7.420871541268446e-12,8.614663919646412e-11,0,0,15.312280701754386,392.4036006528447,JUN;TGFB1;NCF1;NOS2;CYBB;CYBA;FOS;PTGS2;TNF;RELA;IL1B;TLR4;HLA-DQA1;MYD88
KEGG_2021_Human,Rheumatoid arthritis,15/93,8.040264363245935e-12,8.944794104111101e-11,0,0,13.287513542795232,339.45025070770686,JUN;TGFB1;ANGPT1;MMP1;PTH;FOS;CXCL2;TNF;ICAM1;VEGFA;IL6;IL1B;CCL2;TLR4;HLA-DQA1
KEGG_2021_Human,Adipocytokine signaling pathway,13/69,2.6245801417671644e-11,2.8030515914073314e-10,0,0,15.945616883116884,388.49127748224566,ADIPOQ;PRKAG2;TNF;RELA;MTOR;IKBKB;POMC;STK11;NPY;LEP;LEPR;CD36;PPARA
KEGG_2021_Human,Amoebiasis,15/102,3.182510418008045e-11,3.268193390800569e-10,0,0,11.907479358912092,287.8128936375688,TGFB1;NOS2;FN1;TNF;CXCL2;RELA;COL1A1;IL6;COL3A1;COL4A4;IL1B;GNAS;COL4A5;CD14;TLR4
KEGG_2021_Human,Dilated cardiomyopathy,14/96,1.6395597920792548e-10,1.621342461056152e-09,0,0,11.752931108258451,264.8102639777411,TGFB1;CACNA2D1;TPM1;ADRB1;CACNA1C;IGF1;TNF;SLC8A1;AGT;ADCY5;CACNB2;GNAS;ITGA9;MYH7
KEGG_2021_Human,Endocrine and other factor-regulated calcium reabsorption,11/53,3.0278705995286206e-10,2.8872908931219355e-09,0,0,17.877728174603174,391.84389112948094,KLK1;PTH;VDR;FXYD2;BDKRB2;GNAS;ATP2B3;ATP1A2;ATP1A1;ATP2B1;SLC8A1
KEGG_2021_Human,Longevity regulating pathway,14/102,3.7596872627524166e-10,3.461505169499639e-09,0,0,10.948245614035088,237.59351806763755,ADIPOQ;PRKAG2;IGF1;SOD2;RELA;MTOR;ADCY5;INS;SOD1;STK11;RPS6KB1;CAT;PPARG;TP53
KEGG_2021_Human,Regulation of lipolysis in adipocytes,11/55,4.6286429441350676e-10,4.11949222028021e-09,0,0,17.063368055555557,366.75298932032047,LIPE;ADRB3;NPR1;NPY;NPPA;GNAS;ADRB1;ADRB2;PTGS2;ADCY5;INS
KEGG_2021_Human,MAPK signaling pathway,22/294,6.680522856761447e-10,5.753869686307441e-09,0,0,5.673152473985985,119.85473322792738,DUSP5;JUN;TGFB1;ANGPT1;CACNA2D1;HGF;IGF1;FOS;CACNA1C;TNF;RELA;VEGFA;RASGRP3;INS;IKBKB;CACNB2;IL1B;KDR;CD14;TP53;MYD88;FGF21
KEGG_2021_Human,Renin-angiotensin system,8/23,9.169428543440755e-10,7.650741940933382e-09,0,0,36.07972508591065,750.8182118135637,ACE2;ACE;KLK1;CMA1;AGTR1;REN;AGTR2;AGT
KEGG_2021_Human,Salivary secretion,13/93,1.2794067723652091e-09,1.0351563885500332e-08,0,0,11.148295454545456,228.28218922518224,SLC12A2;GUCY1A1;ATP2B3;ADRB1;ATP1A2;ADRB2;ATP1A1;ATP2B1;ADRA1A;ADCY5;ADRB3;FXYD2;GNAS
KEGG_2021_Human,TNF signaling pathway,14/112,1.329046453416051e-09,1.0436923619473109e-08,0,0,9.826065162907268,200.8330209794192,JUN;EDN1;VCAM1;FOS;PTGS2;TNF;CXCL2;MMP9;RELA;ICAM1;IKBKB;IL6;IL1B;CCL2
KEGG_2021_Human,IL-17 signaling pathway,13/94,1.4650627660035704e-09,1.1176335957798668e-08,0,0,11.01010101010101,223.96051362990207,GSK3B;JUN;MMP1;FOS;PTGS2;CXCL2;TNF;MMP9;RELA;IKBKB;IL6;IL1B;CCL2
KEGG_2021_Human,Non-alcoholic fatty liver disease,16/155,1.535393548472712e-09,1.1387502151172616e-08,0,0,7.956682004219946,161.47671668293802,GSK3B;JUN;TGFB1;ADIPOQ;PRKAG2;FOS;TNF;RELA;INS;IKBKB;IL6;IL1B;LEP;LEPR;PPARG;PPARA
KEGG_2021_Human,Prostate cancer,13/97,2.178045061027782e-09,1.5717244089038323e-08,0,0,10.61525974025974,211.7196371580956,GSK3B;GSTP1;PTEN;PLAT;IGF1;MMP9;RELA;MTOR;INS;IKBKB;AR;BCL2;TP53
KEGG_2021_Human,African trypanosomiasis,9/37,2.8503656342876507e-09,2.002756906196849e-08,0,0,21.805049261083745,429.0321929128715,IL6;VCAM1;IL1B;NPPA;APOA1;TNF;KNG1;MYD88;ICAM1
KEGG_2021_Human,Complement and coagulation cascades,12/85,4.9732261183709454e-09,3.4047471118078016e-08,0,0,11.242231874373536,214.94244692683063,F7;PROC;VWF;F12;SERPINE1;F11;BDKRB2;BDKRB1;PLAT;PLG;CLU;KNG1
KEGG_2021_Human,Insulin secretion,12/86,5.703323616846633e-09,3.806968514245127e-08,0,0,11.08974479706187,210.5079393442241,GLP1R;ABCC8;KCNMB1;FXYD2;GNAS;ATP1A2;GCG;ATP1A1;CACNA1C;GCK;ADCY5;INS
KEGG_2021_Human,Human cytomegalovirus infection,18/225,8.775095206366844e-09,5.7145132197559684e-08,0,0,6.032492650471917,111.9108717809774,GSK3B;PTGS2;TNF;RELA;MTOR;ADCY5;VEGFA;IKBKB;IL6;RPS6KB1;IL1B;CXCR2;GNAS;GNB3;CCL2;PTK2B;CCR5;TP53
KEGG_2021_Human,Focal adhesion,17/201,9.980969322442972e-09,6.345044783553033e-08,0,0,6.394330095590503,117.80009369952158,VAV3;GSK3B;JUN;VWF;HGF;CAV1;FN1;PTEN;IGF1;VEGFA;COL1A1;COL4A4;KDR;BCL2;COL4A5;COL6A3;ITGA9
KEGG_2021_Human,Oxytocin signaling pathway,15/154,1.11725432096455e-08,6.937369853431042e-08,0,0,7.433123923396494,136.0990612305999,GUCY1A1;JUN;NPR1;NOS3;CACNA2D1;PRKAG2;OXT;CACNA1C;FOS;PTGS2;ADCY5;CACNB2;RGS2;NPPA;GNAS
KEGG_2021_Human,Proteoglycans in cancer,17/205,1.3409626025668224e-08,8.137204883757765e-08,0,0,6.2569978874302095,113.42243417953637,VAV3;TGFB1;HGF;CAV1;MMP2;FN1;IGF1;HIF1A;TNF;MMP9;MTOR;VEGFA;COL1A1;RPS6KB1;KDR;TP53;TLR4
KEGG_2021_Human,Apelin signaling pathway,14/137,1.8747845023756492e-08,1.0881901350745617e-07,0,0,7.818913136499786,139.11556484277128,NOS2;NOS3;SERPINE1;UCP1;PRKAG2;PLAT;SLC8A1;MTOR;ADCY5;LIPE;RPS6KB1;AGTR1;GNB3;CCN2
KEGG_2021_Human,Yersinia infection,14/137,1.8747845023756492e-08,1.0881901350745617e-07,0,0,7.818913136499786,139.11556484277128,VAV3;GSK3B;JUN;FN1;FOS;TNF;RELA;IKBKB;IL6;IL1B;CCL2;PTK2B;TLR4;MYD88
KEGG_2021_Human,Type II diabetes mellitus,9/46,2.2435711249524872e-08,1.274539341196413e-07,0,0,16.493569431500465,290.4948371659517,IKBKB;ABCC8;ADIPOQ;PRKCD;CACNA1C;TNF;GCK;MTOR;INS
KEGG_2021_Human,AMPK signaling pathway,13/120,3.0116183317707055e-08,1.675212697047455e-07,0,0,8.323704333050127,144.1516026662497,ADIPOQ;PRKAG2;IGF1;ADRA1A;MTOR;INS;LIPE;STK11;RPS6KB1;LEP;LEPR;PPARG;CD36
KEGG_2021_Human,Protein digestion and absorption,12/103,4.549807499040444e-08,2.479180820905711e-07,0,0,9.0102232262511,152.3231921090647,COL1A1;ACE2;CELA2A;COL3A1;COL4A4;FXYD2;ELN;COL4A5;COL6A3;ATP1A2;ATP1A1;SLC8A1
KEGG_2021_Human,NF-kappa B signaling pathway,12/104,5.0753524734898775e-08,2.710238220843594e-07,0,0,8.911831540675655,149.68566036637222,IKBKB;VCAM1;IL1B;BCL2;CD14;PTGS2;TNF;CXCL2;TLR4;MYD88;RELA;ICAM1
KEGG_2021_Human,Ovarian steroidogenesis,9/51,5.8029465154474685e-08,3.038013175734263e-07,0,0,14.526354679802957,242.04269653955927,CYP2J2;LHB;HSD3B1;CYP1A1;GNAS;IGF1;PTGS2;ADCY5;INS
KEGG_2021_Human,Coronavirus disease,17/232,8.297485493657383e-08,4.260439666935618e-07,0,0,5.4636648523833085,89.08357054491275,JUN;ACE;VWF;MMP1;CYBB;FOS;TNF;RELA;IKBKB;SELP;ACE2;IL6;IL1B;AGTR1;CCL2;TLR4;MYD88
KEGG_2021_Human,PPAR signaling pathway,10/74,1.481598202310829e-07,7.463900377679082e-07,0,0,10.616890138408303,166.95032435360542,FABP3;MMP1;ADIPOQ;UCP1;OLR1;APOA1;LPL;PPARG;CD36;PPARA
KEGG_2021_Human,Pertussis,10/76,1.9173990000171008e-07,9.480472833417888e-07,0,0,10.294117647058824,159.22041543499785,JUN;IL6;NOS2;IL1B;FOS;CD14;TNF;TLR4;RELA;MYD88
KEGG_2021_Human,Chemokine signaling pathway,15/192,2.1191018792781894e-07,1.0287276395768665e-06,0,0,5.825972785867749,89.52832558779772,VAV3;GSK3B;NCF1;PRKCD;PPBP;CXCL2;RELA;ADCY5;IKBKB;GRK2;CXCR2;GNB3;CCL2;PTK2B;CCR5
KEGG_2021_Human,Kaposi sarcoma-associated herpesvirus infection,15/193,2.267146679298947e-07,1.0809431488800337e-06,0,0,5.792945877512264,88.62960169555585,GSK3B;JUN;FOS;PTGS2;HIF1A;CXCL2;RELA;MTOR;ICAM1;VEGFA;IKBKB;IL6;GNB3;CCR5;TP53
KEGG_2021_Human,Inflammatory mediator regulation of TRP channels,11/98,2.452211938290602e-07,1.1299687326888011e-06,0,0,8.610871647509578,131.06698322554382,CYP2J2;IL1B;PRKCD;GNAS;HTR2B;BDKRB2;BDKRB1;IGF1;HTR2A;KNG1;ADCY5
KEGG_2021_Human,Hepatocellular carcinoma,14/168,2.4546137264400924e-07,1.1299687326888011e-06,0,0,6.235087719298246,94.89882222803575,GSK3B;NQO1;TGFB1;HGF;GSTP1;PTEN;GSTT2;GSTT1;MTOR;GSTA5;RPS6KB1;HMOX1;TP53;NFE2L2
KEGG_2021_Human,Mineral absorption,9/60,2.506571972978816e-07,1.1343300284497353e-06,0,0,11.95740365111562,181.74272539327663,VDR;FXYD2;HMOX1;ATP2B3;ATP1A2;ATP1A1;ATP2B1;SLC8A1;ATOX1
KEGG_2021_Human,Cortisol synthesis and secretion,9/65,5.077212423389209e-07,2.259359528408198e-06,0,0,10.887007389162562,157.78902646430913,POMC;MC2R;HSD3B1;AGTR1;GNAS;ORAI1;CACNA1C;AGT;ADCY5
KEGG_2021_Human,Th17 cell differentiation,11/107,6.020341515525066e-07,2.608349584013686e-06,0,0,7.800021701388889,111.71933380006963,IKBKB;JUN;IL6;TGFB1;IL1B;AHR;FOS;HIF1A;HLA-DQA1;RELA;MTOR
KEGG_2021_Human,NOD-like receptor signaling pathway,14/181,6.103891345723777e-07,2.608349584013686e-06,0,0,5.745897678327555,82.21902184167168,JUN;PRKCD;CYBB;CYBA;TNF;CXCL2;RELA;IKBKB;IL6;IL1B;BCL2;CCL2;TLR4;MYD88
KEGG_2021_Human,Cushing syndrome,13/155,6.154532726324427e-07,2.608349584013686e-06,0,0,6.260883482714469,89.5363112467234,GSK3B;HSD3B1;AHR;CACNA1C;AGT;CRHR2;ADCY5;POMC;MC2R;AGTR1;GNAS;ORAI1;MEN1
KEGG_2021_Human,PD-L1 expression and PD-1 checkpoint pathway in cancer,10/89,8.608566289726075e-07,3.591386248995097e-06,0,0,8.594454907800797,120.02446653796412,IKBKB;JUN;RPS6KB1;PTEN;FOS;TLR4;HIF1A;RELA;MTOR;MYD88
KEGG_2021_Human,Hepatitis B,13/162,1.018775953652142e-06,4.184818148078799e-06,0,0,5.964612568639415,82.2932150209356,JUN;TGFB1;FOS;TNF;MMP9;RELA;IKBKB;IL6;BCL2;PTK2B;TP53;TLR4;MYD88
KEGG_2021_Human,Small cell lung cancer,10/92,1.1734972108256262e-06,4.747329625612761e-06,0,0,8.27875770107182,113.05075956263964,IKBKB;NOS2;COL4A4;PTEN;FN1;BCL2;COL4A5;PTGS2;TP53;RELA
KEGG_2021_Human,Legionellosis,8/57,1.9884162767600978e-06,7.923987252163375e-06,0,0,11.025738130303669,144.74778744947935,IL6;IL1B;CD14;CXCL2;TNF;TLR4;RELA;MYD88
KEGG_2021_Human,Human papillomavirus infection,18/331,2.767420354942018e-06,1.086619462896351e-05,0,0,3.967846463452071,50.77889186892123,GSK3B;VWF;FN1;PTEN;PTGS2;TNF;RELA;MTOR;VEGFA;COL1A1;IKBKB;RPS6KB1;COL4A4;GNAS;COL4A5;COL6A3;TP53;ITGA9
KEGG_2021_Human,Arachidonic acid metabolism,8/61,3.3649338844292524e-06,1.3020831118008846e-05,0,0,10.19153212734228,128.4347298823581,CYP2J2;CYP2C9;GPX1;PTGIS;GPX3;EPHX2;ALOX15;PTGS2
KEGG_2021_Human,Toll-like receptor signaling pathway,10/104,3.6281154018589087e-06,1.383866874709041e-05,0,0,7.217477729514835,90.41187993978755,IKBKB;JUN;IL6;IL1B;CD14;FOS;TNF;TLR4;MYD88;RELA
KEGG_2021_Human,FoxO signaling pathway,11/131,4.489443923061585e-06,1.6882838414893567e-05,0,0,6.232378472222222,76.74414805195666,IKBKB;STK11;IL6;TGFB1;CAT;PTEN;PRKAG2;IGF1;SGK1;SOD2;INS
KEGG_2021_Human,Inflammatory bowel disease,8/65,5.476747692817606e-06,2.030960602753196e-05,0,0,9.474407668656175,114.78244056733786,JUN;IL6;TGFB1;IL1B;TNF;TLR4;RELA;HLA-DQA1
KEGG_2021_Human,Cardiac muscle contraction,9/87,6.1129455175064505e-06,2.2358307577729072e-05,0,0,7.8075596816976125,93.73054894075696,CACNB2;CACNA2D1;FXYD2;TPM1;ATP1A2;ATP1A1;CACNA1C;SLC8A1;MYH7
KEGG_2021_Human,ECM-receptor interaction,9/88,6.721156595867488e-06,2.3927317481288254e-05,0,0,7.708336970755129,91.8082227628265,COL1A1;VWF;COL4A4;FN1;COL4A5;COL6A3;GP1BA;CD36;ITGA9
KEGG_2021_Human,Gap junction,9/88,6.721156595867488e-06,2.3927317481288254e-05,0,0,7.708336970755129,91.8082227628265,GJA1;GUCY1A1;HTR2B;GNAS;ADRB1;HTR2A;DRD1;DRD2;ADCY5
KEGG_2021_Human,Estrogen signaling pathway,11/137,6.921120576103643e-06,2.4314989392364116e-05,0,0,5.933779761904762,70.49883900754443,POMC;JUN;NOS3;MMP2;PRKCD;BCL2;GNAS;FOS;MMP9;ESR2;ADCY5
KEGG_2021_Human,Toxoplasmosis,10/112,7.082390855947297e-06,2.455842024075232e-05,0,0,6.6486871565235095,78.83946088934063,IKBKB;TGFB1;NOS2;BCL2;CCR5;TNF;TLR4;HLA-DQA1;MYD88;RELA
KEGG_2021_Human,Serotonergic synapse,10/113,7.668697349637203e-06,2.625054092760427e-05,0,0,6.5838008532939165,77.54640159789469,CYP2J2;CYP2C9;ALOX15;GNAS;HTR2B;GNB3;CACNA1C;HTR2A;PTGS2;ADCY5
KEGG_2021_Human,Cocaine addiction,7/49,7.805359116261719e-06,2.638013777268201e-05,0,0,11.220890410958903,131.96552578887545,JUN;TH;GNAS;DRD1;DRD2;RELA;ADCY5
KEGG_2021_Human,Measles,11/139,7.954219937774197e-06,2.654720904232138e-05,0,0,5.840467664930555,68.57764972021798,IKBKB;GSK3B;JUN;IL6;IL1B;BCL2;FOS;TP53;TLR4;MYD88;RELA
KEGG_2021_Human,Leukocyte transendothelial migration,10/114,8.296484812430878e-06,2.7347672159494372e-05,0,0,6.5201623635879695,76.28380439618363,VAV3;VCAM1;NCF1;MMP2;CYBB;PTK2B;CYBA;F11R;MMP9;ICAM1
KEGG_2021_Human,Prolactin signaling pathway,8/70,9.602569942616086e-06,3.126690456924994e-05,0,0,8.708125484979492,100.60915182527512,GSK3B;TH;LHB;FOS;RELA;ESR2;GCK;INS
KEGG_2021_Human,GnRH signaling pathway,9/93,1.060087360745038e-05,3.410160546011147e-05,0,0,7.247660098522167,83.01885997225801,JUN;MMP2;PRKCD;LHB;GNAS;PTK2B;GNRH1;CACNA1C;ADCY5
KEGG_2021_Human,Thermogenesis,14/232,1.1215694130943206e-05,3.564988491621233e-05,0,0,4.390181876710124,50.04015569631287,NPR1;UCP1;PRKAG2;GCG;MTOR;ADCY5;NPPB;LIPE;ADRB3;RPS6KB1;NPPA;GNAS;PPARG;FGF21
KEGG_2021_Human,Breast cancer,11/147,1.3550133545955562e-05,4.256336066788394e-05,0,0,5.494664011437909,61.59031614701208,GSK3B;JUN;RPS6KB1;PTEN;IGF1;BRCA1;FOS;TP53;ESR2;MTOR;FGF21
KEGG_2021_Human,Thyroid hormone synthesis,8/75,1.608808743676682e-05,4.9947899367636525e-05,0,0,8.056213776478433,88.91990747040649,GPX1;GPX3;FXYD2;ALB;GNAS;ATP1A2;ATP1A1;ADCY5
KEGG_2021_Human,Platelet activation,10/124,1.744661367208364e-05,5.3366597916045766e-05,0,0,5.94518302677108,65.1375951561429,COL1A1;GUCY1A1;COL3A1;STIM1;VWF;NOS3;GNAS;ORAI1;GP1BA;ADCY5
KEGG_2021_Human,Pancreatic cancer,8/76,1.7750235482429794e-05,5.3366597916045766e-05,0,0,7.937335759045887,86.82740306799585,IKBKB;RALBP1;TGFB1;RPS6KB1;TP53;RELA;MTOR;VEGFA
KEGG_2021_Human,Tuberculosis,12/180,1.7788865972015257e-05,5.3366597916045766e-05,0,0,4.8613738178198105,53.16854308538738,IL6;TGFB1;NOS2;VDR;IL1B;BCL2;CD14;TNF;TLR4;HLA-DQA1;MYD88;RELA
KEGG_2021_Human,Proximal tubule bicarbonate reclamation,5/23,1.9482973093577756e-05,5.71735904565626e-05,0,0,18.596938775510203,201.70183351460497,MDH1;FXYD2;ATP1A2;ATP1A1;AQP1
KEGG_2021_Human,Human immunodeficiency virus 1 infection,13/212,1.9486130080701117e-05,5.71735904565626e-05,0,0,4.454545454545454,48.31314304962624,JUN;FOS;TNF;RELA;MTOR;IKBKB;RPS6KB1;BCL2;GNB3;PTK2B;CCR5;TLR4;MYD88
KEGG_2021_Human,Osteoclast differentiation,10/127,2.1496909690972214e-05,6.161547889890453e-05,0,0,5.791855203619909,62.24855091237753,IKBKB;JUN;TGFB1;NCF1;IL1B;CYBA;PPARG;FOS;TNF;RELA
KEGG_2021_Human,Shigellosis,14/246,2.163662771680871e-05,6.161547889890453e-05,0,0,4.122292800967937,44.27805381838031,GSK3B;JUN;PRKCD;TNF;RELA;MTOR;IKBKB;RPS6KB1;IL1B;BCL2;CD14;TP53;TLR4;MYD88
KEGG_2021_Human,Glutathione metabolism,7/57,2.169234088575665e-05,6.161547889890453e-05,0,0,9.421712328767123,101.17554131098606,GCLC;GPX1;GSTA5;GPX3;GSTP1;GSTT2;GSTT1
KEGG_2021_Human,Pancreatic secretion,9/102,2.24519844299793e-05,6.310189308215234e-05,0,0,6.543270300333704,70.04002609054074,SLC12A2;CELA2A;FXYD2;GNAS;ATP2B3;ATP1A2;ATP1A1;ATP2B1;ADCY5
KEGG_2021_Human,B cell receptor signaling pathway,8/81,2.838691609214832e-05,7.895111038128751e-05,0,0,7.391799651649955,77.38905420622211,IKBKB;VAV3;GSK3B;JUN;INPPL1;FOS;RELA;RASGRP3
KEGG_2021_Human,Dopaminergic synapse,10/132,3.0043950925991043e-05,8.269829790968669e-05,0,0,5.553065970843496,57.823238649481695,GSK3B;TH;GNAS;GNB3;CACNA1C;DRD1;FOS;COMT;DRD2;ADCY5
KEGG_2021_Human,Insulin signaling pathway,10/137,4.134831095450504e-05,0.00011265305127400865,0,0,5.333079039860502,53.82932121343993,IKBKB;LIPE;GSK3B;PTPN1;RPS6KB1;INPPL1;PRKAG2;GCK;MTOR;INS
KEGG_2021_Human,Colorectal cancer,8/86,4.390594737503756e-05,0.00011841300958722247,0,0,6.916204070843246,69.39346223281069,GSK3B;JUN;TGFB1;RPS6KB1;BCL2;FOS;TP53;MTOR
KEGG_2021_Human,Ras signaling pathway,13/232,4.985911058497999e-05,0.00013312382526189657,0,0,4.043586550435865,40.057019123836135,RALBP1;ANGPT1;HGF;IGF1;KSR2;RELA;VEGFA;RASGRP3;INS;IKBKB;KDR;GNB3;FGF21
KEGG_2021_Human,Influenza A,11/172,5.8074119870248506e-05,0.00015352267332035993,0,0,4.635524499654935,45.21393452351565,IKBKB;IL6;IL1B;CCL2;PLG;TNF;TLR4;HLA-DQA1;MYD88;RELA;ICAM1
KEGG_2021_Human,Amphetamine addiction,7/69,7.597669992983888e-05,0.00019703875610844,0,0,7.593515245249669,72.02512877608986,JUN;TH;GNAS;FOS;CACNA1C;DRD1;ADCY5
KEGG_2021_Human,Sphingolipid signaling pathway,9/119,7.601120553995999e-05,0.00019703875610844,0,0,5.527241379310345,52.42383822742311,ABCC1;NOS3;BCL2;PTEN;BDKRB2;TNF;TP53;KNG1;RELA
KEGG_2021_Human,Phospholipase D signaling pathway,10/148,7.951617755348286e-05,0.00020414249429596084,0,0,4.905220400180532,46.30307355112451,CXCR2;AGTR1;GNAS;PTK2B;AVPR1A;AVP;AGT;MTOR;ADCY5;INS
KEGG_2021_Human,Rap1 signaling pathway,12/210,8.034027014601199e-05,0.00020429382979985904,0,0,4.118466898954704,38.83401103696242,VAV3;ANGPT1;HGF;KDR;GNAS;IGF1;DRD2;ADCY5;VEGFA;RASGRP3;FGF21;INS
KEGG_2021_Human,Thyroid hormone signaling pathway,9/121,8.650137696849387e-05,0.0002178855438734704,0,0,5.427986453201971,50.78071428866043,GSK3B;FXYD2;DIO2;ATP1A2;ATP1A1;TP53;HIF1A;MTOR;MYH7
KEGG_2021_Human,mTOR signaling pathway,10/154,0.00011075126188237397,0.0002763606254448024,0,0,4.69939446366782,42.80313628871583,IKBKB;GSK3B;STK11;RPS6KB1;PTEN;IGF1;SGK1;TNF;MTOR;INS
KEGG_2021_Human,Human T-cell leukemia virus 1 infection,12/219,0.00011962976864018265,0.0002935393327779068,0,0,3.937585214361461,35.560760660293944,IKBKB;JUN;IL6;TGFB1;PTEN;FOS;TP53;TNF;HLA-DQA1;RELA;ICAM1;ADCY5
KEGG_2021_Human,Hematopoietic cell lineage,8/99,0.00011983440926139264,0.0002935393327779068,0,0,5.92424757373211,53.49239921151159,IL6;EPO;IL1B;GP1BA;CD14;CD36;TNF;HLA-DQA1
KEGG_2021_Human,Neutrophil extracellular trap formation,11/189,0.0001349518825434011,0.0003275650239917099,0,0,4.189158083645443,37.32787963234651,SELP;NCF1;VWF;CYBB;CYBA;GP1BA;HMGB1;AGER;TLR4;RELA;MTOR
KEGG_2021_Human,Metabolism of xenobiotics by cytochrome P450,7/76,0.000140846154898899,0.00033879210232437866,0,0,6.820726622989875,60.48512849567999,HSD11B1;CYP2C9;GSTA5;GSTP1;CYP1A1;GSTT2;GSTT1
KEGG_2021_Human,Alzheimer disease,16/369,0.00014944727344753356,0.0003562716250936738,0,0,3.098809797895875,27.2960734563912,GSK3B;NOS2;CYBB;LPL;CACNA1C;PTGS2;TNF;AGER;RELA;MTOR;INS;IKBKB;IL6;IL1B;NOX4;APOE
KEGG_2021_Human,C-type lectin receptor signaling pathway,8/104,0.0001690701313803026,0.0003994842927304495,0,0,5.614261168384879,48.760963979187714,IKBKB;JUN;IL6;IL1B;PRKCD;PTGS2;TNF;RELA
KEGG_2021_Human,Tyrosine metabolism,5/36,0.000186192050990748,0.00043608138258359393,0,0,10.791090629800308,92.68178416325772,PNMT;AOC3;TH;DBH;COMT
KEGG_2021_Human,Autophagy,9/137,0.000222891392041788,0.0005174956667404992,0,0,4.745608836206896,39.90499866564512,STK11;RPS6KB1;PRKCD;BCL2;PTEN;HMGB1;HIF1A;MTOR;INS
KEGG_2021_Human,Steroid hormone biosynthesis,6/61,0.00029560519620981033,0.0006804016154139601,0,0,7.314675767918088,59.44260869029927,HSD11B1;HSD11B2;CYP11B2;HSD3B1;CYP1A1;COMT
KEGG_2021_Human,Pathways of neurodegeneration,18/475,0.0003094978957331443,0.0007062900697499959,0,0,2.6973998769633303,21.79649956662957,GSK3B;GPX1;TRPC3;NOS2;GPX3;CYBB;CACNA1C;PTGS2;TNF;AGER;RELA;MTOR;SOD1;IL6;IL1B;CAT;BCL2;NOX4
KEGG_2021_Human,Bladder cancer,5/41,0.00034822745853357737,0.0007813170708274383,0,0,9.289965986394558,73.97279109427575,MMP1;MMP2;MMP9;TP53;VEGFA
KEGG_2021_Human,Ferroptosis,5/41,0.00034822745853357737,0.0007813170708274383,0,0,9.289965986394558,73.97279109427575,GCLC;ALOX15;HMOX1;CYBB;TP53
KEGG_2021_Human,Type I diabetes mellitus,5/43,0.0004365328495575586,0.000971285590265568,0,0,8.800125313283209,68.08346247804933,GAD1;IL1B;TNF;HLA-DQA1;INS
KEGG_2021_Human,Cytokine-cytokine receptor interaction,13/295,0.0005297798613034659,0.0011690183716365,0,0,3.130077369439072,23.61032695185543,IL1RN;TGFB1;EPO;PPBP;TNF;CXCL2;IL6;IL1B;LEP;CXCR2;LEPR;CCL2;CCR5
KEGG_2021_Human,Renal cell carcinoma,6/69,0.0005776544799372779,0.001264211033961,0,0,6.383227693807899,47.59675850077808,JUN;TGFB1;HGF;VHL;HIF1A;VEGFA
KEGG_2021_Human,Epithelial cell signaling in Helicobacter pylori infection,6/70,0.000623995580876736,0.0013545269926348,0,0,6.283169795221843,46.36581754844047,IKBKB;JUN;CXCR2;F11R;CXCL2;RELA
KEGG_2021_Human,Viral protein interaction with cytokine and cytokine receptor,7/100,0.0007608704345059889,0.0016383258549443,0,0,5.054352629253204,36.29554616831192,IL6;CXCR2;CCL2;PPBP;CCR5;TNF;CXCL2
KEGG_2021_Human,Pathogenic Escherichia coli infection,10/197,0.0007926177501059661,0.0016930315142263,0,0,3.610828414410747,25.781926851749525,IKBKB;JUN;IL6;IL1B;MYH9;FOS;TLR4;TNF;RELA;MYD88
KEGG_2021_Human,Cysteine and methionine metabolism,5/50,0.0008824456312090854,0.0018699443137525,0,0,7.428571428571429,52.243756527855226,GCLC;MDH1;CBS;AGXT2;MTR
KEGG_2021_Human,Epstein-Barr virus infection,10/202,0.0009598800404001426,0.0019986561807407,0,0,3.515895328719723,24.430909743561788,IKBKB;JUN;IL6;BCL2;TP53;TNF;HLA-DQA1;RELA;MYD88;ICAM1
KEGG_2021_Human,T cell receptor signaling pathway,7/104,0.0009599793089987492,0.0019986561807407,0,0,4.844937155768959,33.665524636791304,IKBKB;VAV3;GSK3B;JUN;FOS;TNF;RELA
KEGG_2021_Human,Gastric acid secretion,6/76,0.0009656428738410188,0.0019986561807407,0,0,5.742857142857143,39.87102897349981,HRH2;GNAS;ATP1A2;ATP1A1;KCNJ1;ADCY5
KEGG_2021_Human,Arrhythmogenic right ventricular cardiomyopathy,6/77,0.0010343192752418,0.0021243326653044,0,0,5.661683411046484,38.91847842665406,CACNB2;GJA1;CACNA2D1;CACNA1C;SLC8A1;ITGA9
KEGG_2021_Human,Drug metabolism,7/108,0.0011979941945261,0.002441713358309,0,0,4.65210904652109,31.295233588340352,CYP2C9;GSTA5;GSTP1;GSTT2;GSTT1;FMO3;XDH
KEGG_2021_Human,Salmonella infection,11/249,0.001372152530469,0.0027754903457214,0,0,3.1234389589169003,20.587756162378813,IKBKB;JUN;IL6;IL1B;BCL2;CD14;FOS;TLR4;TNF;RELA;MYD88
KEGG_2021_Human,Peroxisome,6/82,0.0014356692531862,0.0028821330120356,0,0,5.287857014550027,34.61496855738203,NOS2;EPHX2;CAT;SOD2;XDH;SOD1
KEGG_2021_Human,Gastric cancer,8/149,0.0018363406870328,0.0036589773390877,0,0,3.813701835197777,24.026246983326104,GSK3B;TGFB1;RPS6KB1;HGF;BCL2;TP53;MTOR;FGF21
KEGG_2021_Human,Phagosome,8/152,0.0020810004162461,0.0040834529368853,0,0,3.733676975945017,23.055106345455123,NCF1;CYBB;OLR1;CYBA;CD14;CD36;TLR4;HLA-DQA1
KEGG_2021_Human,"Growth hormone synthesis, secretion and action",7/119,0.0020952548777276,0.0040834529368853,0,0,4.192851027397261,25.8618408711248,GSK3B;GNAS;CACNA1C;IGF1;FOS;MTOR;ADCY5
KEGG_2021_Human,Neurotrophin signaling pathway,7/119,0.0020952548777276,0.0040834529368853,0,0,4.192851027397261,25.8618408711248,IKBKB;GSK3B;JUN;PRKCD;BCL2;TP53;RELA
KEGG_2021_Human,Bile secretion,6/90,0.0023118861458617,0.0044729971082977,0,0,4.782301316431009,29.027094005885363,FXYD2;GNAS;ATP1A2;ATP1A1;AQP1;ADCY5
KEGG_2021_Human,Transcriptional misregulation in cancer,9/192,0.0024711611502062,0.0047467627849284,0,0,3.3100056529112494,19.87018615995454,IL6;PLAT;PPARG;CD14;IGF1;TP53;MMP9;RELA;MEN1
KEGG_2021_Human,MicroRNAs in cancer,12/310,0.0025628265578495,0.0048876763638988,0,0,2.722400205785376,16.24359422942389,IKBKB;ABCC1;TPM1;BCL2;PTEN;HMOX1;BRCA1;PTGS2;TP53;MMP9;MTOR;VEGFA
KEGG_2021_Human,GnRH secretion,5/64,0.0026802107163557,0.0050752926330992,0,0,5.66182405165456,33.528528597450254,TRPC5;LHB;GNRH1;CACNA1C;ESR2
KEGG_2021_Human,Prion disease,11/273,0.0028165042761651,0.0052958214206767,0,0,2.833823685326548,16.6409460210292,GSK3B;IL6;NCF1;IL1B;CAV1;PRKCD;CYBB;CYBA;CACNA1C;TNF;SOD1
KEGG_2021_Human,Acute myeloid leukemia,5/67,0.0032741340960519,0.0061132433821389,0,0,5.387041913539609,30.82304764505208,IKBKB;RPS6KB1;CD14;RELA;MTOR
KEGG_2021_Human,Circadian entrainment,6/97,0.0033651402671314,0.0062395309119728,0,0,4.4128567678055735,25.128066891699227,GUCY1A1;GNAS;GNB3;CACNA1C;FOS;ADCY5
KEGG_2021_Human,Graft-versus-host disease,4/42,0.0035048826065509,0.0064096140818431,0,0,7.016235504014273,39.666976782480816,IL6;IL1B;TNF;HLA-DQA1
KEGG_2021_Human,Tryptophan metabolism,4/42,0.0035048826065509,0.0064096140818431,0,0,7.016235504014273,39.666976782480816,AOC1;ALDH2;CAT;CYP1A1
KEGG_2021_Human,Central carbon metabolism in cancer,5/70,0.0039573540367119,0.0071878471279053,0,0,5.137624280481424,28.42226049171884,PTEN;TP53;HIF1A;GCK;MTOR
KEGG_2021_Human,Melanoma,5/72,0.0044659239246997,0.0080567681614516,0,0,4.983754695908214,26.968487924696287,HGF;PTEN;IGF1;TP53;FGF21
KEGG_2021_Human,p53 signaling pathway,5/73,0.0047369137498158,0.0084882951087304,0,0,4.910214085634253,26.28127992860165,SERPINE1;PTEN;BCL2;IGF1;TP53
KEGG_2021_Human,"Parathyroid hormone synthesis, secretion and action",6/106,0.0051990930119488,0.0092543855612689,0,0,4.013856655290103,21.109960264110416,VDR;PTH;BCL2;GNAS;FOS;ADCY5
KEGG_2021_Human,Apoptosis,7/142,0.0055705961989812,0.0098499946034966,0,0,3.474429223744292,18.0331673732668,IKBKB;JUN;BCL2;FOS;TNF;TP53;RELA
KEGG_2021_Human,Regulation of actin cytoskeleton,9/218,0.0056813085718531,0.009979667030821,0,0,2.894373865698729,14.96557336020516,VAV3;FN1;BDKRB2;BDKRB1;MYH9;KNG1;FGF21;ITGA9;INS
KEGG_2021_Human,Arginine and proline metabolism,4/50,0.0065706316242029,0.0113919392445596,0,0,5.793662490788504,29.113995913473744,AOC1;ALDH2;NOS2;NOS3
KEGG_2021_Human,Cholesterol metabolism,4/50,0.0065706316242029,0.0113919392445596,0,0,5.793662490788504,29.113995913473744,APOA1;LPL;CD36;APOE
KEGG_2021_Human,Linoleic acid metabolism,3/29,0.0090671979244264,0.0156189796504636,0,0,7.669568607068607,36.07068677054567,CYP2J2;CYP2C9;ALOX15
KEGG_2021_Human,Cellular senescence,7/156,0.0091564535469932,0.0156716224169692,0,0,3.1457203272961296,14.763797707015469,IL6;TGFB1;SERPINE1;PTEN;TP53;RELA;MTOR
KEGG_2021_Human,Taste transduction,5/86,0.0093955930991194,0.0159784927227063,0,0,4.119425547996976,19.227478554716512,SCNN1G;SCNN1B;SCNN1A;GNB3;CACNA1C
KEGG_2021_Human,beta-Alanine metabolism,3/30,0.0099649562713641,0.0168395147117357,0,0,7.385135135135135,34.035729864253085,AOC3;ALDH2;GAD1
KEGG_2021_Human,Necroptosis,7/159,0.01010476971153,0.0169683868740787,0,0,3.083160598413843,14.16634512361343,IL1B;ALOX15;BCL2;CYBB;HMGB1;TNF;TLR4
KEGG_2021_Human,VEGF signaling pathway,4/59,0.0116999874508419,0.0195243540585925,0,0,4.843389830508475,21.544209281153368,NOS3;KDR;PTGS2;VEGFA
KEGG_2021_Human,Morphine addiction,5/91,0.0118176105581353,0.0195981491864729,0,0,3.878935295048252,17.21535269108542,GRK2;GNAS;GNB3;DRD1;ADCY5
KEGG_2021_Human,Th1 and Th2 cell differentiation,5/92,0.012348333041968,0.0202981826296657,0,0,3.8341543513957306,16.84817218426213,IKBKB;JUN;FOS;RELA;HLA-DQA1
KEGG_2021_Human,Viral myocarditis,4/60,0.0123917744143652,0.0202981826296657,0,0,4.756658595641646,20.88516735070117,CAV1;HLA-DQA1;ICAM1;MYH7
KEGG_2021_Human,Base excision repair,3/33,0.0129592656442584,0.0210983166281525,0,0,6.645608108108108,28.88144236455837,OGG1;XRCC1;HMGB1
KEGG_2021_Human,Cytosolic DNA-sensing pathway,4/63,0.0146221757701607,0.0236613389735328,0,0,4.514105142200517,19.073069336810875,IKBKB;IL6;IL1B;RELA
KEGG_2021_Human,Fc gamma R-mediated phagocytosis,5/97,0.0152448881855973,0.0245203924430993,0,0,3.624852114758947,15.164608815325032,VAV3;NCF1;RPS6KB1;PRKCD;INPPL1
KEGG_2021_Human,Choline metabolism in cancer,5/98,0.0158741509197043,0.0253796305123417,0,0,3.58569234145271,14.855750061718226,JUN;RPS6KB1;FOS;HIF1A;MTOR
KEGG_2021_Human,Melanogenesis,5/101,0.0178651631892166,0.028392848640005,0,0,3.473107993197279,13.978921575876477,POMC;GSK3B;EDN1;GNAS;ADCY5
KEGG_2021_Human,Mitophagy,4/68,0.0188732981061778,0.0298175774813579,0,0,4.160381355932204,16.516743748384474,JUN;TP53;HIF1A;RELA
KEGG_2021_Human,"Glycine, serine and threonine metabolism",3/40,0.0217450077920446,0.0341524534145641,0,0,5.386413440467495,20.621189411297102,AOC3;CBS;AGXT2
KEGG_2021_Human,Alcoholism,7/186,0.0220943019066532,0.0344981205209147,0,0,2.614486875334813,9.96756267188242,TH;NPY;GNAS;GNB3;DRD1;DRD2;ADCY5
KEGG_2021_Human,Glucagon signaling pathway,5/107,0.0223268418924789,0.0346585278214643,0,0,3.26780712284914,12.424090438565148,GNAS;PRKAG2;GCG;PPARA;GCK
KEGG_2021_Human,Cell adhesion molecules,6/148,0.024017557560558,0.0370675599345028,0,0,2.8206027976734127,10.51794364056052,SELP;VCAM1;F11R;HLA-DQA1;ICAM1;ITGA9
KEGG_2021_Human,Glioma,4/75,0.0259947517194521,0.0398884983281249,0,0,3.7488660778228695,13.682838660653958,PTEN;IGF1;TP53;MTOR
KEGG_2021_Human,Fat digestion and absorption,3/43,0.0262919393895811,0.040113987525818,0,0,4.9816722972972975,18.125779153638707,MTTP;APOA1;CD36
KEGG_2021_Human,Chronic myeloid leukemia,4/76,0.027126696267204,0.041152431268997,0,0,3.696610169491525,13.33454873354733,IKBKB;TGFB1;TP53;RELA
KEGG_2021_Human,Cholinergic synapse,5/113,0.0274550777578639,0.0414152867872862,0,0,3.0853174603174605,11.0923461252512,BCL2;GNB3;CACNA1C;FOS;ADCY5
KEGG_2021_Human,Glutamatergic synapse,5/114,0.0283765799721378,0.0425648699582068,0,0,3.056855769830868,10.889104487256647,GRK2;GNAS;GNB3;CACNA1C;ADCY5
KEGG_2021_Human,Hepatitis C,6/157,0.0308705087195747,0.0460470716655109,0,0,2.6512668670750177,9.220984102509426,IKBKB;GSK3B;PPARA;TNF;TP53;RELA
KEGG_2021_Human,Carbohydrate digestion and absorption,3/47,0.0330828139614167,0.0490728407094348,0,0,4.527871621621622,15.434343211006876,FXYD2;ATP1A2;ATP1A1
